{
  "results": [
    {
      "command": "target/release/parquet-parallel-nested",
      "mean": 0.96404388432,
      "stddev": 0.011331155797926075,
      "median": 0.96561459652,
      "user": 6.508582600000001,
      "system": 0.6218757399999999,
      "min": 0.9418663405200001,
      "max": 0.9805981035200001,
      "times": [
        0.95563819752,
        0.96845758152,
        0.9554648115200001,
        0.9720337185200001,
        0.97394976452,
        0.9418663405200001,
        0.96277161152,
        0.95930138752,
        0.9805981035200001,
        0.9703573265200001
      ],
      "exit_codes": [
        0,
        0,
        0,
        0,
        0,
        0,
        0,
        0,
        0,
        0
      ]
    }
  ]
}
