{
  "results": [
    {
      "command": "target/release/parquet-parallel-nested",
      "mean": 0.53905680824,
      "stddev": 0.008019094135278087,
      "median": 0.54032213624,
      "user": 2.9133782799999994,
      "system": 0.35990674000000006,
      "min": 0.52384534124,
      "max": 0.5486766402400001,
      "times": [
        0.53660920324,
        0.53468383824,
        0.54403506924,
        0.54482257824,
        0.54491687724,
        0.54678255324,
        0.53127596424,
        0.5486766402400001,
        0.53492001724,
        0.52384534124
      ],
      "exit_codes": [
        0,
        0,
        0,
        0,
        0,
        0,
        0,
        0,
        0,
        0
      ]
    }
  ]
}
