{
  "results": [
    {
      "command": "target/release/parquet-parallel-nested",
      "mean": 0.81385755526,
      "stddev": 0.01702318044026388,
      "median": 0.8103066630600001,
      "user": 4.36714968,
      "system": 0.85599332,
      "min": 0.7981981960600001,
      "max": 0.8563671220600001,
      "times": [
        0.80651351406,
        0.8216197010600002,
        0.8171912610600001,
        0.8036270730600001,
        0.8174647370600001,
        0.8563671220600001,
        0.8048662660600001,
        0.7981981960600001,
        0.7986278700600001,
        0.8140998120600001
      ],
      "exit_codes": [
        0,
        0,
        0,
        0,
        0,
        0,
        0,
        0,
        0,
        0
      ]
    }
  ]
}
