{
  "results": [
    {
      "command": "target/release/parquet-parallel-nested",
      "mean": 3.69276473502,
      "stddev": 0.020235520391221423,
      "median": 3.69279190612,
      "user": 29.64606956,
      "system": 1.45096082,
      "min": 3.6591191526199998,
      "max": 3.7251800996199997,
      "times": [
        3.70861448362,
        3.68174614962,
        3.68431566762,
        3.66957381762,
        3.7251800996199997,
        3.6591191526199998,
        3.68744282262,
        3.71275199162,
        3.6981409896199997,
        3.70076217562
      ],
      "exit_codes": [
        0,
        0,
        0,
        0,
        0,
        0,
        0,
        0,
        0,
        0
      ]
    }
  ]
}
