{
  "results": [
    {
      "command": "target/release/parquet-parallel-nested",
      "mean": 3.7791499374599993,
      "stddev": 0.022809816568276502,
      "median": 3.78462829226,
      "user": 29.843096839999998,
      "system": 1.40136216,
      "min": 3.72284785576,
      "max": 3.80230479476,
      "times": [
        3.72284785576,
        3.77362282076,
        3.80230479476,
        3.79681855876,
        3.78200277776,
        3.76540758176,
        3.77663185076,
        3.78924766976,
        3.79536165776,
        3.78725380676
      ],
      "exit_codes": [
        0,
        0,
        0,
        0,
        0,
        0,
        0,
        0,
        0,
        0
      ]
    }
  ]
}
