{
  "results": [
    {
      "command": "target/release/parquet-parallel-nested",
      "mean": 3.7845006003800004,
      "stddev": 0.01817920641856437,
      "median": 3.78878314658,
      "user": 28.696119160000002,
      "system": 1.4056014600000002,
      "min": 3.7597782580800003,
      "max": 3.80832896308,
      "times": [
        3.7597782580800003,
        3.78203091708,
        3.7910165360800003,
        3.80149028608,
        3.80832896308,
        3.76121261808,
        3.76022152108,
        3.7865497570800004,
        3.79688158808,
        3.79749555908
      ],
      "exit_codes": [
        0,
        0,
        0,
        0,
        0,
        0,
        0,
        0,
        0,
        0
      ]
    }
  ]
}
