{
  "results": [
    {
      "command": "target/release/parquet-parallel-nested",
      "mean": 3.7759227108399998,
      "stddev": 0.02234328119319907,
      "median": 3.78071044064,
      "user": 28.74584176,
      "system": 1.4989427799999997,
      "min": 3.73596814814,
      "max": 3.79962986514,
      "times": [
        3.73950724914,
        3.77492752514,
        3.79962986514,
        3.78649335614,
        3.79375223614,
        3.77246471614,
        3.77240128214,
        3.78792331314,
        3.73596814814,
        3.7961594171399997
      ],
      "exit_codes": [
        0,
        0,
        0,
        0,
        0,
        0,
        0,
        0,
        0,
        0
      ]
    }
  ]
}
