{
  "results": [
    {
      "command": "target/release/parquet-parallel-nested",
      "mean": 1.1580319302000002,
      "stddev": 0.016275531842650136,
      "median": 1.1586550966,
      "user": 3.52313118,
      "system": 0.6114936400000001,
      "min": 1.1341438221,
      "max": 1.1842831961,
      "times": [
        1.1742106121,
        1.1694686761,
        1.1842831961,
        1.1657110461,
        1.1462634791,
        1.1671727471,
        1.1441882771,
        1.1432782991,
        1.1341438221,
        1.1515991471
      ],
      "exit_codes": [
        0,
        0,
        0,
        0,
        0,
        0,
        0,
        0,
        0,
        0
      ]
    }
  ]
}
