{
  "results": [
    {
      "command": "target/release/parquet-parallel-nested",
      "mean": 0.53392260848,
      "stddev": 0.012056873134228662,
      "median": 0.5309510064799999,
      "user": 2.88017446,
      "system": 0.37369797999999993,
      "min": 0.5203487649799999,
      "max": 0.5624443969799999,
      "times": [
        0.5203487649799999,
        0.5624443969799999,
        0.53334047998,
        0.5314216549799999,
        0.5304803579799999,
        0.5438215479799999,
        0.52489067298,
        0.53776487998,
        0.52976271698,
        0.5249506119799999
      ],
      "exit_codes": [
        0,
        0,
        0,
        0,
        0,
        0,
        0,
        0,
        0,
        0
      ]
    }
  ]
}
