{
  "results": [
    {
      "command": "target/release/parquet-parallel-nested",
      "mean": 2.7677023017000004,
      "stddev": 0.01005143903447906,
      "median": 2.7668815501000004,
      "user": 32.43890541999999,
      "system": 2.3291263800000004,
      "min": 2.7530293636000005,
      "max": 2.7884080936,
      "times": [
        2.7741740166000004,
        2.7639143406000004,
        2.7530293636000005,
        2.7884080936,
        2.7556095516,
        2.7673597686000004,
        2.7664033316000003,
        2.7649049116000004,
        2.7749731606,
        2.7682464786
      ],
      "exit_codes": [
        0,
        0,
        0,
        0,
        0,
        0,
        0,
        0,
        0,
        0
      ]
    }
  ]
}
