{
  "results": [
    {
      "command": "target/release/parquet-parallel-nested",
      "mean": 0.53019363772,
      "stddev": 0.010218448575754383,
      "median": 0.52973124212,
      "user": 2.9069370999999995,
      "system": 0.37478905999999995,
      "min": 0.51570056162,
      "max": 0.5522689176200001,
      "times": [
        0.5522689176200001,
        0.53232398662,
        0.53067893962,
        0.52572953562,
        0.53087375662,
        0.5274574226200001,
        0.51570056162,
        0.5189313776200001,
        0.52878354462,
        0.53918833462
      ],
      "exit_codes": [
        0,
        0,
        0,
        0,
        0,
        0,
        0,
        0,
        0,
        0
      ]
    }
  ]
}
