{
  "results": [
    {
      "command": "target/release/parquet-nested-parallel",
      "mean": 0.5793135483999999,
      "stddev": 0.0038788304320675647,
      "median": 0.5795942246,
      "user": 3.7957348599999996,
      "system": 0.3751733199999999,
      "min": 0.5736097366,
      "max": 0.5854120316,
      "times": [
        0.5854120316,
        0.5828465656,
        0.5784206636,
        0.5757506376,
        0.5822021046,
        0.5753761036,
        0.5736097366,
        0.5767538966,
        0.5819959586,
        0.5807677856
      ],
      "exit_codes": [
        0,
        0,
        0,
        0,
        0,
        0,
        0,
        0,
        0,
        0
      ]
    }
  ]
}
