{
  "results": [
    {
      "command": "target/release/parquet-nested-parallel",
      "mean": 0.57484125822,
      "stddev": 0.007132385452681522,
      "median": 0.57352866642,
      "user": 3.7765773000000005,
      "system": 0.39009088,
      "min": 0.5639236294200001,
      "max": 0.5897689714200001,
      "times": [
        0.5807079644200001,
        0.5768416754200001,
        0.57203673142,
        0.57228684742,
        0.5897689714200001,
        0.57797174042,
        0.56781768942,
        0.57307011842,
        0.57398721442,
        0.5639236294200001
      ],
      "exit_codes": [
        0,
        0,
        0,
        0,
        0,
        0,
        0,
        0,
        0,
        0
      ]
    }
  ]
}
