{
  "results": [
    {
      "command": "target/release/parquet-parallel-nested",
      "mean": 0.8132860246800002,
      "stddev": 0.008206373234917672,
      "median": 0.81117688208,
      "user": 4.4319383,
      "system": 0.7925717,
      "min": 0.80123763008,
      "max": 0.82849365208,
      "times": [
        0.81225603408,
        0.81123568008,
        0.80123763008,
        0.8219889920800001,
        0.82150114908,
        0.8111180840800001,
        0.8071030370800001,
        0.8083056820800001,
        0.80962030608,
        0.82849365208
      ],
      "exit_codes": [
        0,
        0,
        0,
        0,
        0,
        0,
        0,
        0,
        0,
        0
      ]
    }
  ]
}
