{
  "results": [
    {
      "command": "target/release/parquet-parallel-nested",
      "mean": 3.7355393902000005,
      "stddev": 0.023512597221353144,
      "median": 3.7383077890000003,
      "user": 28.32053626,
      "system": 1.389394,
      "min": 3.694837575,
      "max": 3.771966186,
      "times": [
        3.7417222230000005,
        3.737863575,
        3.738752003,
        3.7419009990000003,
        3.7293527,
        3.713449684,
        3.7176081580000004,
        3.771966186,
        3.694837575,
        3.7679407990000002
      ],
      "exit_codes": [
        0,
        0,
        0,
        0,
        0,
        0,
        0,
        0,
        0,
        0
      ]
    }
  ]
}
