{
  "results": [
    {
      "command": "target/release/parquet-nested-parallel",
      "mean": 0.56601280078,
      "stddev": 0.009415523770915106,
      "median": 0.5638955964800001,
      "user": 3.6715381799999998,
      "system": 0.3933778,
      "min": 0.5536964739800001,
      "max": 0.5898017269800001,
      "times": [
        0.5898017269800001,
        0.5639390459800001,
        0.5707494739800001,
        0.5638521469800001,
        0.56285100998,
        0.56105774498,
        0.5670336039800001,
        0.5643998089800001,
        0.5536964739800001,
        0.5627469719800001
      ],
      "exit_codes": [
        0,
        0,
        0,
        0,
        0,
        0,
        0,
        0,
        0,
        0
      ]
    }
  ]
}
