{
  "results": [
    {
      "command": "target/release/parquet-nested-parallel",
      "mean": 0.57331107682,
      "stddev": 0.01357744729854205,
      "median": 0.5718754664200001,
      "user": 3.6954874999999996,
      "system": 0.37424692,
      "min": 0.55812645942,
      "max": 0.60642439542,
      "times": [
        0.57158837342,
        0.57016313242,
        0.60642439542,
        0.57218912642,
        0.56165965242,
        0.58068603842,
        0.56280082842,
        0.57731020242,
        0.55812645942,
        0.57216255942
      ],
      "exit_codes": [
        0,
        0,
        0,
        0,
        0,
        0,
        0,
        0,
        0,
        0
      ]
    }
  ]
}
