{
  "results": [
    {
      "command": "target/release/parquet-parallel-nested",
      "mean": 3.6179527664399997,
      "stddev": 0.030138726805648185,
      "median": 3.63182435644,
      "user": 26.81678048,
      "system": 1.37608412,
      "min": 3.56834041844,
      "max": 3.64924612544,
      "times": [
        3.60126808344,
        3.63506335744,
        3.58459584844,
        3.58512214144,
        3.56834041844,
        3.64924612544,
        3.64543394744,
        3.63183331044,
        3.64680902944,
        3.63181540244
      ],
      "exit_codes": [
        0,
        0,
        0,
        0,
        0,
        0,
        0,
        0,
        0,
        0
      ]
    }
  ]
}
