{
  "results": [
    {
      "command": "target/release/parquet-parallel-nested",
      "mean": 0.9624677371800001,
      "stddev": 0.010789246251552743,
      "median": 0.9622118585800001,
      "user": 6.448275560000001,
      "system": 0.6741438599999998,
      "min": 0.94862965858,
      "max": 0.9893676575800001,
      "times": [
        0.9643783735800001,
        0.94862965858,
        0.9605608855800001,
        0.9627387355800001,
        0.9893676575800001,
        0.9645001925800001,
        0.9621886335800001,
        0.9527391415800001,
        0.9622350835800001,
        0.9573390095800001
      ],
      "exit_codes": [
        0,
        0,
        0,
        0,
        0,
        0,
        0,
        0,
        0,
        0
      ]
    }
  ]
}
