{
  "results": [
    {
      "command": "target/release/parquet-parallel-nested",
      "mean": 3.7253602997399993,
      "stddev": 0.019007532063502097,
      "median": 3.72078195514,
      "user": 28.13648728,
      "system": 1.4797877199999998,
      "min": 3.69939202214,
      "max": 3.77008765114,
      "times": [
        3.71856002214,
        3.72094488514,
        3.69939202214,
        3.72813712614,
        3.7348388421400003,
        3.77008765114,
        3.72061902514,
        3.70785259614,
        3.72020596614,
        3.73296486114
      ],
      "exit_codes": [
        0,
        0,
        0,
        0,
        0,
        0,
        0,
        0,
        0,
        0
      ]
    }
  ]
}
