{
  "results": [
    {
      "command": "target/release/parquet-parallel-nested",
      "mean": 1.16581406128,
      "stddev": 0.015238135184526774,
      "median": 1.1627142130800001,
      "user": 3.5314305999999993,
      "system": 0.5944399800000001,
      "min": 1.14026842358,
      "max": 1.19475988958,
      "times": [
        1.15747794958,
        1.14026842358,
        1.19475988958,
        1.1607581025800002,
        1.16246596258,
        1.1581473095800001,
        1.17272254258,
        1.1634534735800002,
        1.18512449558,
        1.1629624635800002
      ],
      "exit_codes": [
        0,
        0,
        0,
        0,
        0,
        0,
        0,
        0,
        0,
        0
      ]
    }
  ]
}
