{
  "results": [
    {
      "command": "./target/release/parquet-nested-parallel --num-writers 8 --target-records 10000000 --record-batch-size 1024",
      "mean": 0.51002189308,
      "stddev": 0.007193476973495427,
      "median": 0.51221996608,
      "user": 5.1289951600000006,
      "system": 0.65637532,
      "min": 0.49953188708000007,
      "max": 0.51980465408,
      "times": [
        0.49953188708000007,
        0.50224144108,
        0.51980465408,
        0.5187266270800001,
        0.5141151470800001,
        0.5122704100800001,
        0.51402832808,
        0.5032286580800001,
        0.51216952208,
        0.50410225608
      ],
      "exit_codes": [
        0,
        0,
        0,
        0,
        0,
        0,
        0,
        0,
        0,
        0
      ],
      "custom_metrics": {
        "total_time_ms": 494.574206,
        "record_throughput_m_sec": 20.0,
        "mem_throughput_gb_sec": 1.12
      }
    }
  ]
}