{
  "results": [
    {
      "command": "./target/release/parquet-nested-parallel --num-writers 4 --target-records 10000000 --record-batch-size 20480",
      "mean": 0.5662276175800001,
      "stddev": 0.017666247147528548,
      "median": 0.5639774147800001,
      "user": 3.82949974,
      "system": 0.4493399,
      "min": 0.5399099002800001,
      "max": 0.6070114442800001,
      "times": [
        0.55444240328,
        0.6070114442800001,
        0.5652460142800001,
        0.5675911532800001,
        0.5547516182800001,
        0.57726804828,
        0.56193837528,
        0.5399099002800001,
        0.5714084032800001,
        0.56270881528
      ],
      "exit_codes": [
        0,
        0,
        0,
        0,
        0,
        0,
        0,
        0,
        0,
        0
      ],
      "custom_metrics": {
        "total_time_ms": 546.296568,
        "record_throughput_m_sec": 18.0,
        "mem_throughput_gb_sec": 0.87
      }
    }
  ]
}