{
  "results": [
    {
      "command": "./target/release/parquet-nested-parallel --num-writers 2 --target-records 10000000 --record-batch-size 10240",
      "mean": 0.85596571114,
      "stddev": 0.01203245600505747,
      "median": 0.85818608974,
      "user": 3.0915354,
      "system": 0.32624983999999996,
      "min": 0.8350238787400001,
      "max": 0.8750023747400001,
      "times": [
        0.86313911874,
        0.8750023747400001,
        0.85888650174,
        0.8382796977400001,
        0.8532271247400001,
        0.8350238787400001,
        0.8624261457400001,
        0.8639533557400001,
        0.8522332357400001,
        0.8574856777400001
      ],
      "exit_codes": [
        0,
        0,
        0,
        0,
        0,
        0,
        0,
        0,
        0,
        0
      ],
      "custom_metrics": {
        "total_time_ms": 831.953024,
        "record_throughput_m_sec": 12.0,
        "mem_throughput_gb_sec": 0.58
      }
    }
  ]
}