{
  "results": [
    {
      "command": "./target/release/parquet-nested-parallel --num-writers 1 --target-records 10000000 --record-batch-size 5120",
      "mean": 1.5370039354400002,
      "stddev": 0.031551256927784176,
      "median": 1.54801996664,
      "user": 3.02723542,
      "system": 0.29642837999999994,
      "min": 1.48602709764,
      "max": 1.5787766576400002,
      "times": [
        1.55203406864,
        1.55557157164,
        1.49620710464,
        1.5133505816400001,
        1.5491829296400002,
        1.5787766576400002,
        1.5194326986400002,
        1.48602709764,
        1.54685700364,
        1.57259964064
      ],
      "exit_codes": [
        0,
        0,
        0,
        0,
        0,
        0,
        0,
        0,
        0,
        0
      ],
      "custom_metrics": {
        "record_throughput_m_sec": 7.0,
        "mem_throughput_gb_sec": 0.32
      }
    }
  ]
}