{
  "results": [
    {
      "command": "./target/release/parquet-nested-parallel --num-writers 2 --target-records 100000 --record-batch-size 20480",
      "mean": 0.02873854230000001,
      "stddev": 0.0008559068661244238,
      "median": 0.028738614200000005,
      "user": 0.03100982,
      "system": 0.021814999999999994,
      "min": 0.027530494700000005,
      "max": 0.029909054700000003,
      "times": [
        0.029819325700000003,
        0.029909054700000003,
        0.028477232700000004,
        0.028693259700000005,
        0.028053197700000004,
        0.029324281700000003,
        0.027537784700000005,
        0.029256822700000004,
        0.027530494700000005,
        0.028783968700000002
      ],
      "exit_codes": [
        0,
        0,
        0,
        0,
        0,
        0,
        0,
        0,
        0,
        0
      ],
      "custom_metrics": {
        "total_time_ms": 18.362253,
        "record_throughput_m_sec": 5.0,
        "mem_throughput_gb_sec": 0.26
      }
    }
  ]
}