{
  "results": [
    {
      "command": "./target/release/parquet-nested-parallel --num-writers 4 --target-records 100000 --record-batch-size 5120",
      "mean": 0.01988708464,
      "stddev": 0.0005082474515577364,
      "median": 0.020022065040000002,
      "user": 0.0405174,
      "system": 0.022827979999999998,
      "min": 0.019128581040000002,
      "max": 0.02061942304,
      "times": [
        0.020025390040000004,
        0.019627525040000003,
        0.019147281040000002,
        0.019128581040000002,
        0.02061942304,
        0.020463334040000003,
        0.020021140040000003,
        0.020231657040000003,
        0.02002299004,
        0.01958352504
      ],
      "exit_codes": [
        0,
        0,
        0,
        0,
        0,
        0,
        0,
        0,
        0,
        0
      ],
      "custom_metrics": {
        "total_time_ms": 10.296007,
        "record_throughput_m_sec": 10.0,
        "mem_throughput_gb_sec": 0.47
      }
    }
  ]
}