{
  "results": [
    {
      "command": "./target/release/parquet-nested-parallel --num-writers 4 --target-records 10000000 --record-batch-size 5120",
      "mean": 0.5732327868600001,
      "stddev": 0.008603174276626852,
      "median": 0.57372152906,
      "user": 3.7394494000000003,
      "system": 0.38497774,
      "min": 0.5584452320600001,
      "max": 0.58569443006,
      "times": [
        0.57897510706,
        0.56511022706,
        0.56773106206,
        0.58496087906,
        0.57368421506,
        0.58569443006,
        0.5584452320600001,
        0.56868242006,
        0.57375884306,
        0.57528545306
      ],
      "exit_codes": [
        0,
        0,
        0,
        0,
        0,
        0,
        0,
        0,
        0,
        0
      ],
      "custom_metrics": {
        "total_time_ms": 595.761372,
        "record_throughput_m_sec": 17.0,
        "mem_throughput_gb_sec": 0.81
      }
    }
  ]
}