{
  "results": [
    {
      "command": "./target/release/parquet-nested-parallel --num-writers 8 --target-records 1000000 --record-batch-size 10240",
      "mean": 0.06809576444000001,
      "stddev": 0.0014043887841534515,
      "median": 0.06841663814000001,
      "user": 0.5434279,
      "system": 0.11253639999999998,
      "min": 0.06520122514000001,
      "max": 0.06962738714000001,
      "times": [
        0.06722452914,
        0.06851173214,
        0.06962738714000001,
        0.06833488414000001,
        0.06650889814000001,
        0.06849839214,
        0.06937582114000002,
        0.06520122514000001,
        0.06939348014,
        0.06828129514
      ],
      "exit_codes": [
        0,
        0,
        0,
        0,
        0,
        0,
        0,
        0,
        0,
        0
      ],
      "custom_metrics": {
        "total_time_ms": 54.217998,
        "record_throughput_m_sec": 18.0,
        "mem_throughput_gb_sec": 0.89
      }
    }
  ]
}