{
  "results": [
    {
      "command": "./target/release/parquet-nested-parallel --num-writers 2 --target-records 100000 --record-batch-size 5120",
      "mean": 0.024679388340000007,
      "stddev": 0.0005163502080445123,
      "median": 0.02462138934,
      "user": 0.039702419999999995,
      "system": 0.01961622,
      "min": 0.02400448184,
      "max": 0.025713919840000002,
      "times": [
        0.024357647840000003,
        0.024942849840000003,
        0.02459202484,
        0.02400448184,
        0.025189496840000002,
        0.024770001840000003,
        0.02452619484,
        0.02465075384,
        0.024046511840000003,
        0.025713919840000002
      ],
      "exit_codes": [
        0,
        0,
        0,
        0,
        0,
        0,
        0,
        0,
        0,
        0
      ],
      "custom_metrics": {
        "total_time_ms": 15.355602,
        "record_throughput_m_sec": 7.0,
        "mem_throughput_gb_sec": 0.32
      }
    }
  ]
}