{
  "results": [
    {
      "command": "./target/release/parquet-nested-parallel --num-writers 2 --target-records 10000000 --record-batch-size 20480",
      "mean": 0.8551282416599999,
      "stddev": 0.016916419401400973,
      "median": 0.85352548656,
      "user": 3.0856628399999995,
      "system": 0.3667391399999999,
      "min": 0.83464255956,
      "max": 0.88828055856,
      "times": [
        0.87328464356,
        0.8649039925600001,
        0.85896727756,
        0.83616758156,
        0.88828055856,
        0.84329328956,
        0.85226962256,
        0.8446915405600001,
        0.85478135056,
        0.83464255956
      ],
      "exit_codes": [
        0,
        0,
        0,
        0,
        0,
        0,
        0,
        0,
        0,
        0
      ],
      "custom_metrics": {
        "total_time_ms": 855.647035,
        "record_throughput_m_sec": 12.0,
        "mem_throughput_gb_sec": 0.56
      }
    }
  ]
}