{
  "results": [
    {
      "command": "./target/release/parquet-nested-parallel --num-writers 1 --target-records 10000000 --record-batch-size 1024",
      "mean": 1.5976623411800002,
      "stddev": 0.029933730089584335,
      "median": 1.5886213432800003,
      "user": 2.9155159999999993,
      "system": 0.34241215999999997,
      "min": 1.57212003278,
      "max": 1.65639293478,
      "times": [
        1.58767051178,
        1.5895721747800002,
        1.65639293478,
        1.57298062478,
        1.58027885878,
        1.57212003278,
        1.57289886078,
        1.6016489197800001,
        1.5978931467800002,
        1.64516734678
      ],
      "exit_codes": [
        0,
        0,
        0,
        0,
        0,
        0,
        0,
        0,
        0,
        0
      ],
      "custom_metrics": {
        "record_throughput_m_sec": 6.0,
        "mem_throughput_gb_sec": 0.36
      }
    }
  ]
}