{
  "results": [
    {
      "command": "./target/release/parquet-nested-parallel --num-writers 1 --target-records 10000000 --record-batch-size 20480",
      "mean": 1.5216600347800002,
      "stddev": 0.02980767779651917,
      "median": 1.52033602498,
      "user": 2.840371759999999,
      "system": 0.32718698,
      "min": 1.47655765048,
      "max": 1.5912206584800002,
      "times": [
        1.49376927248,
        1.52398225148,
        1.47655765048,
        1.53589985548,
        1.51157657748,
        1.5180794024800002,
        1.5912206584800002,
        1.52250186248,
        1.51817018748,
        1.5248426294800002
      ],
      "exit_codes": [
        0,
        0,
        0,
        0,
        0,
        0,
        0,
        0,
        0,
        0
      ],
      "custom_metrics": {
        "record_throughput_m_sec": 6.0,
        "mem_throughput_gb_sec": 0.31
      }
    }
  ]
}