{
  "results": [
    {
      "command": "./target/release/parquet-nested-parallel --num-writers 1 --target-records 100000 --record-batch-size 10240",
      "mean": 0.03506008664000001,
      "stddev": 0.0011054972947106764,
      "median": 0.034997868939999996,
      "user": 0.03505894,
      "system": 0.0185858,
      "min": 0.03380319444,
      "max": 0.037505237440000005,
      "times": [
        0.03536798444,
        0.037505237440000005,
        0.03409740144,
        0.03531861444,
        0.034064491440000004,
        0.03380319444,
        0.03440102744,
        0.03572853044,
        0.035637261440000005,
        0.03467712344
      ],
      "exit_codes": [
        0,
        0,
        0,
        0,
        0,
        0,
        0,
        0,
        0,
        0
      ],
      "custom_metrics": {
        "total_time_ms": 24.852861,
        "record_throughput_m_sec": 4.0,
        "mem_throughput_gb_sec": 0.19
      }
    }
  ]
}