{
  "results": [
    {
      "command": "./target/release/parquet-nested-parallel --num-writers 8 --target-records 1000000 --record-batch-size 1024",
      "mean": 0.06950177122000001,
      "stddev": 0.0009918653322772762,
      "median": 0.06953997802,
      "user": 0.58992072,
      "system": 0.10818632000000002,
      "min": 0.06835915302000001,
      "max": 0.07143627302000001,
      "times": [
        0.06835915302000001,
        0.07143627302000001,
        0.06896453502000001,
        0.07004367102,
        0.06848426102,
        0.06839404302,
        0.07006539102,
        0.06982876402,
        0.06925119202,
        0.07019042902
      ],
      "exit_codes": [
        0,
        0,
        0,
        0,
        0,
        0,
        0,
        0,
        0,
        0
      ],
      "custom_metrics": {
        "total_time_ms": 59.918255,
        "record_throughput_m_sec": 17.0,
        "mem_throughput_gb_sec": 0.92
      }
    }
  ]
}