{
  "results": [
    {
      "command": "./target/release/parquet-nested-parallel --num-writers 6 --target-records 1000000 --record-batch-size 10240",
      "mean": 0.06961307275999999,
      "stddev": 0.001499463377460829,
      "median": 0.06921697456,
      "user": 0.48874216,
      "system": 0.09793692000000001,
      "min": 0.06739727406,
      "max": 0.07231765906,
      "times": [
        0.06909077106,
        0.06934317806,
        0.06739727406,
        0.07231765906,
        0.06862254706,
        0.07155138006,
        0.07054092306,
        0.06831088206,
        0.06988676106,
        0.06906935205999999
      ],
      "exit_codes": [
        0,
        0,
        0,
        0,
        0,
        0,
        0,
        0,
        0,
        0
      ],
      "custom_metrics": {
        "total_time_ms": 58.636271,
        "record_throughput_m_sec": 17.0,
        "mem_throughput_gb_sec": 0.82
      }
    }
  ]
}