{
  "results": [
    {
      "command": "./target/release/parquet-nested-parallel --num-writers 1 --target-records 10000000 --record-batch-size 10240",
      "mean": 1.5398628322999999,
      "stddev": 0.020131668663149412,
      "median": 1.5384162666,
      "user": 2.8981073399999997,
      "system": 0.3048681200000001,
      "min": 1.5091257691,
      "max": 1.5811308271000002,
      "times": [
        1.5625093871,
        1.5234603291,
        1.5376495451,
        1.5091257691,
        1.5414740711,
        1.5439748791,
        1.5391829881,
        1.5811308271000002,
        1.5294328921,
        1.5306876351
      ],
      "exit_codes": [
        0,
        0,
        0,
        0,
        0,
        0,
        0,
        0,
        0,
        0
      ],
      "custom_metrics": {
        "record_throughput_m_sec": 7.0,
        "mem_throughput_gb_sec": 0.31
      }
    }
  ]
}