{
  "results": [
    {
      "command": "./target/release/parquet-nested-parallel --num-writers 4 --target-records 1000000 --record-batch-size 1024",
      "mean": 0.07974613290000002,
      "stddev": 0.003100158616812855,
      "median": 0.07862256150000001,
      "user": 0.40953485999999995,
      "system": 0.07960313999999999,
      "min": 0.07747817100000001,
      "max": 0.08786647700000001,
      "times": [
        0.07840825900000001,
        0.07747817100000001,
        0.07826147100000001,
        0.08182997500000001,
        0.079803121,
        0.078655946,
        0.08786647700000001,
        0.07860082700000001,
        0.078644296,
        0.07791278600000001
      ],
      "exit_codes": [
        0,
        0,
        0,
        0,
        0,
        0,
        0,
        0,
        0,
        0
      ],
      "custom_metrics": {
        "total_time_ms": 66.754288,
        "record_throughput_m_sec": 15.0,
        "mem_throughput_gb_sec": 0.83
      }
    }
  ]
}