{
  "results": [
    {
      "command": "./target/release/parquet-nested-parallel --num-writers 2 --target-records 1000000 --record-batch-size 20480",
      "mean": 0.10898138518,
      "stddev": 0.0008336300319217087,
      "median": 0.10866532048000001,
      "user": 0.3879520199999999,
      "system": 0.08392614000000001,
      "min": 0.10818537148000001,
      "max": 0.11050150148000001,
      "times": [
        0.10843287848000001,
        0.10896286148,
        0.10846380748000001,
        0.10893188148,
        0.10818537148000001,
        0.11050150148000001,
        0.10850354748,
        0.10867120548,
        0.10865943548000001,
        0.11050136148
      ],
      "exit_codes": [
        0,
        0,
        0,
        0,
        0,
        0,
        0,
        0,
        0,
        0
      ],
      "custom_metrics": {
        "total_time_ms": 96.267449,
        "record_throughput_m_sec": 10.0,
        "mem_throughput_gb_sec": 0.5
      }
    }
  ]
}