{
  "results": [
    {
      "command": "./target/release/parquet-nested-parallel --num-writers 1 --target-records 100000 --record-batch-size 1024",
      "mean": 0.034606262900000004,
      "stddev": 0.000836493457640809,
      "median": 0.034541876,
      "user": 0.04203203999999999,
      "system": 0.02048936,
      "min": 0.033580503000000005,
      "max": 0.036201599,
      "times": [
        0.03462226,
        0.035720486,
        0.034461492,
        0.033580503000000005,
        0.034902496000000005,
        0.033822340000000006,
        0.036201599,
        0.033931129000000004,
        0.034728358,
        0.034091966
      ],
      "exit_codes": [
        0,
        0,
        0,
        0,
        0,
        0,
        0,
        0,
        0,
        0
      ],
      "custom_metrics": {
        "total_time_ms": 30.420049,
        "record_throughput_m_sec": 3.0,
        "mem_throughput_gb_sec": 0.18
      }
    }
  ]
}