{
  "results": [
    {
      "command": "./target/release/parquet-nested-parallel --num-writers 6 --target-records 10000000 --record-batch-size 5120",
      "mean": 0.48791570038000004,
      "stddev": 0.00885720345130355,
      "median": 0.48557758838000004,
      "user": 4.4828681,
      "system": 0.4622908,
      "min": 0.47649402138,
      "max": 0.5049673823799999,
      "times": [
        0.49639293438000004,
        0.48232926638,
        0.48284109938,
        0.48033413138000003,
        0.47649402138,
        0.48899453938000004,
        0.5049673823799999,
        0.49608863738000003,
        0.48240091438000005,
        0.48831407738000004
      ],
      "exit_codes": [
        0,
        0,
        0,
        0,
        0,
        0,
        0,
        0,
        0,
        0
      ],
      "custom_metrics": {
        "total_time_ms": 463.874188,
        "record_throughput_m_sec": 22.0,
        "mem_throughput_gb_sec": 1.05
      }
    }
  ]
}