{
  "results": [
    {
      "command": "./target/release/parquet-nested-parallel --num-writers 2 --target-records 1000000 --record-batch-size 1024",
      "mean": 0.10908269314,
      "stddev": 0.0013590466583173332,
      "median": 0.10890897444,
      "user": 0.33037034,
      "system": 0.06672518000000001,
      "min": 0.10724907494000001,
      "max": 0.11233666994000001,
      "times": [
        0.10912475194000001,
        0.10899681394,
        0.10882113494000001,
        0.10961892494,
        0.10791601694000001,
        0.10867174794000001,
        0.10966828494000001,
        0.10724907494000001,
        0.11233666994000001,
        0.10842351094000001
      ],
      "exit_codes": [
        0,
        0,
        0,
        0,
        0,
        0,
        0,
        0,
        0,
        0
      ],
      "custom_metrics": {
        "total_time_ms": 99.863833,
        "record_throughput_m_sec": 10.0,
        "mem_throughput_gb_sec": 0.55
      }
    }
  ]
}