{
  "results": [
    {
      "command": "./target/release/parquet-nested-parallel --num-writers 8 --target-records 100000 --record-batch-size 10240",
      "mean": 0.01972832316,
      "stddev": 0.0004710092872968401,
      "median": 0.01991824606,
      "user": 0.03809998,
      "system": 0.02589722,
      "min": 0.018959863060000002,
      "max": 0.02025633606,
      "times": [
        0.02011636806,
        0.01992349106,
        0.01991300106,
        0.02009479906,
        0.01909473106,
        0.02012172806,
        0.019388227060000002,
        0.01941468706,
        0.02025633606,
        0.018959863060000002
      ],
      "exit_codes": [
        0,
        0,
        0,
        0,
        0,
        0,
        0,
        0,
        0,
        0
      ],
      "custom_metrics": {
        "total_time_ms": 9.711094,
        "record_throughput_m_sec": 10.0,
        "mem_throughput_gb_sec": 0.49
      }
    }
  ]
}