{
  "results": [
    {
      "command": "./target/release/parquet-nested-parallel --num-writers 8 --target-records 100000 --record-batch-size 5120",
      "mean": 0.01709576776,
      "stddev": 0.00038414019551397024,
      "median": 0.01706837906,
      "user": 0.03958895999999999,
      "system": 0.02588418,
      "min": 0.016683354560000002,
      "max": 0.017734240560000003,
      "times": [
        0.016705613560000002,
        0.01741209456,
        0.017734240560000003,
        0.017314695560000003,
        0.01695194056,
        0.01749592356,
        0.017184817560000003,
        0.016683354560000002,
        0.016689154560000002,
        0.01678584256
      ],
      "exit_codes": [
        0,
        0,
        0,
        0,
        0,
        0,
        0,
        0,
        0,
        0
      ],
      "custom_metrics": {
        "total_time_ms": 7.852738,
        "record_throughput_m_sec": 13.0,
        "mem_throughput_gb_sec": 0.62
      }
    }
  ]
}