{
  "results": [
    {
      "command": "./target/release/parquet-nested-parallel --num-writers 6 --target-records 100000 --record-batch-size 10240",
      "mean": 0.01911221294,
      "stddev": 0.0008073645140448572,
      "median": 0.018952507940000002,
      "user": 0.037085780000000006,
      "system": 0.024323939999999995,
      "min": 0.018324815940000003,
      "max": 0.02086191394,
      "times": [
        0.01843258494,
        0.01907359594,
        0.02018416194,
        0.01909685594,
        0.018510543940000002,
        0.01903997694,
        0.018865038940000002,
        0.02086191394,
        0.018324815940000003,
        0.01873264094
      ],
      "exit_codes": [
        0,
        0,
        0,
        0,
        0,
        0,
        0,
        0,
        0,
        0
      ],
      "custom_metrics": {
        "total_time_ms": 10.698312,
        "record_throughput_m_sec": 9.0,
        "mem_throughput_gb_sec": 0.45
      }
    }
  ]
}