{
  "results": [
    {
      "command": "./target/release/parquet-nested-parallel --num-writers 4 --target-records 100000 --record-batch-size 20480",
      "mean": 0.024740654400000003,
      "stddev": 0.0003613771817270545,
      "median": 0.024604243300000002,
      "user": 0.033227679999999996,
      "system": 0.023714479999999996,
      "min": 0.024264062300000003,
      "max": 0.0252477293,
      "times": [
        0.0247922053,
        0.0244898893,
        0.0246061383,
        0.024264062300000003,
        0.024602348300000004,
        0.024396151300000002,
        0.0251815713,
        0.024584848300000003,
        0.025241600300000003,
        0.0252477293
      ],
      "exit_codes": [
        0,
        0,
        0,
        0,
        0,
        0,
        0,
        0,
        0,
        0
      ],
      "custom_metrics": {
        "total_time_ms": 15.251933,
        "record_throughput_m_sec": 7.0,
        "mem_throughput_gb_sec": 0.31
      }
    }
  ]
}