{
  "results": [
    {
      "command": "./target/release/parquet-nested-parallel --num-writers 4 --target-records 1000000 --record-batch-size 10240",
      "mean": 0.07888429784000002,
      "stddev": 0.0020761581205776957,
      "median": 0.07840066144,
      "user": 0.43954298,
      "system": 0.09714318,
      "min": 0.07688638544000001,
      "max": 0.08429172044000001,
      "times": [
        0.08429172044000001,
        0.07887842044000001,
        0.07766295544000001,
        0.07834231744,
        0.07831144744000001,
        0.07989436644,
        0.07845900544000001,
        0.07739396844,
        0.07688638544000001,
        0.07872239144000001
      ],
      "exit_codes": [
        0,
        0,
        0,
        0,
        0,
        0,
        0,
        0,
        0,
        0
      ],
      "custom_metrics": {
        "total_time_ms": 68.458326,
        "record_throughput_m_sec": 15.0,
        "mem_throughput_gb_sec": 0.7
      }
    }
  ]
}