{
  "results": [
    {
      "command": "./target/release/parquet-nested-parallel --num-writers 8 --target-records 10000000 --record-batch-size 5120",
      "mean": 0.4658971718800001,
      "stddev": 0.013863465508336682,
      "median": 0.46242514158000003,
      "user": 4.871924579999999,
      "system": 0.57471736,
      "min": 0.45045805058000005,
      "max": 0.49032700458000006,
      "times": [
        0.49032700458000006,
        0.45393942658,
        0.48740034258000003,
        0.4553389875800001,
        0.46076386858000007,
        0.46408641458000005,
        0.45660969058000006,
        0.47375094858000005,
        0.45045805058000005,
        0.4662969845800001
      ],
      "exit_codes": [
        0,
        0,
        0,
        0,
        0,
        0,
        0,
        0,
        0,
        0
      ],
      "custom_metrics": {
        "total_time_ms": 449.075445,
        "record_throughput_m_sec": 22.0,
        "mem_throughput_gb_sec": 1.08
      }
    }
  ]
}