{
  "results": [
    {
      "command": "./target/release/parquet-nested-parallel --num-writers 8 --target-records 100000 --record-batch-size 20480",
      "mean": 0.02068712828,
      "stddev": 0.000780974491352531,
      "median": 0.020669465480000003,
      "user": 0.035434759999999996,
      "system": 0.02306904,
      "min": 0.019353587980000003,
      "max": 0.022126701980000003,
      "times": [
        0.02007153798,
        0.021252862980000002,
        0.020021208980000003,
        0.019353587980000003,
        0.022126701980000003,
        0.020831187980000002,
        0.02053116198,
        0.021344101980000002,
        0.020572471980000003,
        0.020766458980000003
      ],
      "exit_codes": [
        0,
        0,
        0,
        0,
        0,
        0,
        0,
        0,
        0,
        0
      ],
      "custom_metrics": {
        "total_time_ms": 22.3661,
        "record_throughput_m_sec": 4.0,
        "mem_throughput_gb_sec": 0.21
      }
    }
  ]
}