{
  "results": [
    {
      "command": "./target/release/parquet-nested-parallel --num-writers 2 --target-records 1000000 --record-batch-size 10240",
      "mean": 0.10849308166000002,
      "stddev": 0.0008078806271698314,
      "median": 0.10830828506000001,
      "user": 0.376602,
      "system": 0.08430906,
      "min": 0.10766937856000001,
      "max": 0.11049704256000001,
      "times": [
        0.10792165456000001,
        0.10902421056000001,
        0.10814703256000001,
        0.10863577556000001,
        0.10852714756000001,
        0.10831832956000001,
        0.11049704256000001,
        0.10829824056000001,
        0.10766937856000001,
        0.10789200456000002
      ],
      "exit_codes": [
        0,
        0,
        0,
        0,
        0,
        0,
        0,
        0,
        0,
        0
      ],
      "custom_metrics": {
        "total_time_ms": 95.214083,
        "record_throughput_m_sec": 11.0,
        "mem_throughput_gb_sec": 0.5
      }
    }
  ]
}