{
  "results": [
    {
      "command": "./target/release/parquet-nested-parallel --num-writers 4 --target-records 10000000 --record-batch-size 10240",
      "mean": 0.56657754828,
      "stddev": 0.015133954827637174,
      "median": 0.5628403416800001,
      "user": 3.7255078399999997,
      "system": 0.41790394,
      "min": 0.5484741631800001,
      "max": 0.6003929731800001,
      "times": [
        0.55943371318,
        0.6003929731800001,
        0.55975000718,
        0.55476259218,
        0.56870987218,
        0.58060974718,
        0.5484741631800001,
        0.5556039611800001,
        0.56593067618,
        0.57210777718
      ],
      "exit_codes": [
        0,
        0,
        0,
        0,
        0,
        0,
        0,
        0,
        0,
        0
      ],
      "custom_metrics": {
        "total_time_ms": 550.419136,
        "record_throughput_m_sec": 18.0,
        "mem_throughput_gb_sec": 0.87
      }
    }
  ]
}