{
  "results": [
    {
      "command": "./target/release/parquet-nested-parallel --num-writers 1 --target-records 100000 --record-batch-size 20480",
      "mean": 0.03623968306000001,
      "stddev": 0.0010253746255030885,
      "median": 0.035772733960000004,
      "user": 0.030764200000000002,
      "system": 0.01861256,
      "min": 0.03483780646,
      "max": 0.03775023846,
      "times": [
        0.03775023846,
        0.035532146460000004,
        0.03620692846,
        0.03574716446,
        0.03483780646,
        0.035775514460000005,
        0.03764790046,
        0.035769953460000004,
        0.037524001460000005,
        0.035605176460000006
      ],
      "exit_codes": [
        0,
        0,
        0,
        0,
        0,
        0,
        0,
        0,
        0,
        0
      ],
      "custom_metrics": {
        "total_time_ms": 26.652698,
        "record_throughput_m_sec": 4.0,
        "mem_throughput_gb_sec": 0.18
      }
    }
  ]
}