{
  "results": [
    {
      "command": "./target/release/parquet-nested-parallel --num-writers 1 --target-records 1000000 --record-batch-size 1024",
      "mean": 0.17912026054000002,
      "stddev": 0.006343244306096177,
      "median": 0.17752731984000003,
      "user": 0.31457384,
      "system": 0.05756125999999998,
      "min": 0.17398514534,
      "max": 0.19619708034000002,
      "times": [
        0.19619708034000002,
        0.18089641634,
        0.17833755034,
        0.17672959034000002,
        0.17917044834,
        0.17640672434000002,
        0.17398514534,
        0.17469480634,
        0.17832504934,
        0.17645979434
      ],
      "exit_codes": [
        0,
        0,
        0,
        0,
        0,
        0,
        0,
        0,
        0,
        0
      ],
      "custom_metrics": {
        "total_time_ms": 163.958394,
        "record_throughput_m_sec": 6.0,
        "mem_throughput_gb_sec": 0.34
      }
    }
  ]
}