{
  "results": [
    {
      "command": "./target/release/parquet-nested-parallel --num-writers 6 --target-records 10000000 --record-batch-size 10240",
      "mean": 0.48785741963999996,
      "stddev": 0.007033266376762892,
      "median": 0.48456290494,
      "user": 4.466382139999999,
      "system": 0.48739346,
      "min": 0.47767648444,
      "max": 0.49858388344000004,
      "times": [
        0.49507139044000004,
        0.48347380044000005,
        0.48344258944,
        0.48279927844000003,
        0.47767648444,
        0.48427446844,
        0.49222346544,
        0.49858388344000004,
        0.49617749444000003,
        0.48485134144
      ],
      "exit_codes": [
        0,
        0,
        0,
        0,
        0,
        0,
        0,
        0,
        0,
        0
      ],
      "custom_metrics": {
        "total_time_ms": 463.381234,
        "record_throughput_m_sec": 22.0,
        "mem_throughput_gb_sec": 1.04
      }
    }
  ]
}