{
  "results": [
    {
      "command": "./target/release/parquet-nested-parallel --num-writers 4 --target-records 1000000 --record-batch-size 5120",
      "mean": 0.07847190944000002,
      "stddev": 0.0017281609731337206,
      "median": 0.07834002034000001,
      "user": 0.4300701800000001,
      "system": 0.08946637999999998,
      "min": 0.07635001084000001,
      "max": 0.08245444184,
      "times": [
        0.07904135584000001,
        0.08245444184,
        0.07659187784,
        0.07928196284000001,
        0.07900360684,
        0.07873568984000001,
        0.07780797184,
        0.07635001084000001,
        0.07750782584,
        0.07794435084000001
      ],
      "exit_codes": [
        0,
        0,
        0,
        0,
        0,
        0,
        0,
        0,
        0,
        0
      ],
      "custom_metrics": {
        "total_time_ms": 67.742115,
        "record_throughput_m_sec": 15.0,
        "mem_throughput_gb_sec": 0.72
      }
    }
  ]
}