{
  "results": [
    {
      "command": "./target/release/parquet-nested-parallel --num-writers 4 --target-records 100000 --record-batch-size 1024",
      "mean": 0.01947730148,
      "stddev": 0.000437141326903745,
      "median": 0.019356648980000002,
      "user": 0.043291960000000004,
      "system": 0.024691559999999998,
      "min": 0.01880639098,
      "max": 0.02013919398,
      "times": [
        0.019150756980000003,
        0.01912439698,
        0.019213785980000002,
        0.01880639098,
        0.019875816980000002,
        0.019839807980000002,
        0.01990956698,
        0.01946801298,
        0.02013919398,
        0.019245284980000003
      ],
      "exit_codes": [
        0,
        0,
        0,
        0,
        0,
        0,
        0,
        0,
        0,
        0
      ],
      "custom_metrics": {
        "total_time_ms": 9.686185,
        "record_throughput_m_sec": 10.0,
        "mem_throughput_gb_sec": 0.57
      }
    }
  ]
}