{
  "results": [
    {
      "command": "./target/release/parquet-nested-parallel --num-writers 8 --target-records 10000000 --record-batch-size 10240",
      "mean": 0.45544041896000015,
      "stddev": 0.003610395167371001,
      "median": 0.45713338956000005,
      "user": 4.82343432,
      "system": 0.5995193,
      "min": 0.44808374156,
      "max": 0.45911272956000004,
      "times": [
        0.4575490695600001,
        0.44808374156,
        0.45801551356000003,
        0.45203148156000006,
        0.45764436856000007,
        0.45787884556,
        0.45911272956000004,
        0.45573651356000006,
        0.45163421656,
        0.4567177095600001
      ],
      "exit_codes": [
        0,
        0,
        0,
        0,
        0,
        0,
        0,
        0,
        0,
        0
      ],
      "custom_metrics": {
        "total_time_ms": 444.423123,
        "record_throughput_m_sec": 23.0,
        "mem_throughput_gb_sec": 1.08
      }
    }
  ]
}