{
  "results": [
    {
      "command": "./target/release/parquet-nested-parallel --num-writers 4 --target-records 100000 --record-batch-size 10240",
      "mean": 0.02083279136,
      "stddev": 0.00040836969023326275,
      "median": 0.02071775376,
      "user": 0.0357155,
      "system": 0.02290016,
      "min": 0.020282224260000002,
      "max": 0.02150244826,
      "times": [
        0.02148710926,
        0.020282224260000002,
        0.020917376260000002,
        0.02058904026,
        0.02068974926,
        0.020488002260000002,
        0.02150244826,
        0.021044334260000002,
        0.020581871260000002,
        0.02074575826
      ],
      "exit_codes": [
        0,
        0,
        0,
        0,
        0,
        0,
        0,
        0,
        0,
        0
      ],
      "custom_metrics": {
        "total_time_ms": 11.849847,
        "record_throughput_m_sec": 8.0,
        "mem_throughput_gb_sec": 0.41
      }
    }
  ]
}