{
  "results": [
    {
      "command": "./target/release/parquet-nested-parallel --num-writers 6 --target-records 10000000 --record-batch-size 20480",
      "mean": 0.48713454485999996,
      "stddev": 0.007194690509047717,
      "median": 0.48661225655999996,
      "user": 4.53423666,
      "system": 0.5423654200000001,
      "min": 0.47870165856,
      "max": 0.50279543656,
      "times": [
        0.48509772756,
        0.49020924056,
        0.48567600856,
        0.48904916556,
        0.47870165856,
        0.48754850456,
        0.50279543656,
        0.48114379756000003,
        0.49223627356,
        0.47888763556
      ],
      "exit_codes": [
        0,
        0,
        0,
        0,
        0,
        0,
        0,
        0,
        0,
        0
      ],
      "custom_metrics": {
        "total_time_ms": 475.1897,
        "record_throughput_m_sec": 21.0,
        "mem_throughput_gb_sec": 1.0
      }
    }
  ]
}