{
  "results": [
    {
      "command": "./target/release/parquet-nested-parallel --num-writers 2 --target-records 1000000 --record-batch-size 5120",
      "mean": 0.10778693530000001,
      "stddev": 0.001691190707841474,
      "median": 0.10780958800000001,
      "user": 0.35069333999999996,
      "system": 0.07875545999999999,
      "min": 0.103877354,
      "max": 0.109937005,
      "times": [
        0.10739025900000002,
        0.10724239,
        0.10828848700000002,
        0.10734791900000001,
        0.10987448600000001,
        0.103877354,
        0.109937005,
        0.108292277,
        0.10821025800000002,
        0.107408918
      ],
      "exit_codes": [
        0,
        0,
        0,
        0,
        0,
        0,
        0,
        0,
        0,
        0
      ],
      "custom_metrics": {
        "total_time_ms": 96.346688,
        "record_throughput_m_sec": 10.0,
        "mem_throughput_gb_sec": 0.5
      }
    }
  ]
}