{
  "results": [
    {
      "command": "./target/release/parquet-nested-parallel --num-writers 8 --target-records 1000000 --record-batch-size 5120",
      "mean": 0.06790005386000002,
      "stddev": 0.0017184410426595142,
      "median": 0.06750028796,
      "user": 0.56830322,
      "system": 0.10686572000000001,
      "min": 0.06613268146000001,
      "max": 0.07104441746000001,
      "times": [
        0.07104441746000001,
        0.06815834446,
        0.06931514946,
        0.06622144946,
        0.06648775646,
        0.06893570446000001,
        0.06643278646,
        0.06943001746000001,
        0.06684223146,
        0.06613268146000001
      ],
      "exit_codes": [
        0,
        0,
        0,
        0,
        0,
        0,
        0,
        0,
        0,
        0
      ],
      "custom_metrics": {
        "total_time_ms": 53.789614,
        "record_throughput_m_sec": 19.0,
        "mem_throughput_gb_sec": 0.9
      }
    }
  ]
}