{
  "results": [
    {
      "command": "./target/release/parquet-nested-parallel --num-writers 6 --target-records 100000 --record-batch-size 20480",
      "mean": 0.021176015760000003,
      "stddev": 0.000880549656318958,
      "median": 0.021285279160000004,
      "user": 0.03400138,
      "system": 0.02469126,
      "min": 0.01997560566,
      "max": 0.022405114660000003,
      "times": [
        0.02007219566,
        0.02160796466,
        0.02073549666,
        0.021995820660000002,
        0.02130288866,
        0.022405114660000003,
        0.02026865266,
        0.01997560566,
        0.021267669660000002,
        0.022128748660000003
      ],
      "exit_codes": [
        0,
        0,
        0,
        0,
        0,
        0,
        0,
        0,
        0,
        0
      ],
      "custom_metrics": {
        "total_time_ms": 13.271228,
        "record_throughput_m_sec": 8.0,
        "mem_throughput_gb_sec": 0.36
      }
    }
  ]
}