{
  "results": [
    {
      "command": "./target/release/parquet-nested-parallel --num-writers 2 --target-records 10000000 --record-batch-size 1024",
      "mean": 0.92944766674,
      "stddev": 0.015678355100619153,
      "median": 0.9331507961400001,
      "user": 3.09579802,
      "system": 0.3706135,
      "min": 0.9079713016400001,
      "max": 0.95413128764,
      "times": [
        0.95413128764,
        0.94199962364,
        0.9079713016400001,
        0.93477269564,
        0.91146066664,
        0.9375152786400001,
        0.93152889664,
        0.91632690064,
        0.94336288364,
        0.9154071326400001
      ],
      "exit_codes": [
        0,
        0,
        0,
        0,
        0,
        0,
        0,
        0,
        0,
        0
      ],
      "custom_metrics": {
        "total_time_ms": 931.212594,
        "record_throughput_m_sec": 11.0,
        "mem_throughput_gb_sec": 0.59
      }
    }
  ]
}