{
  "results": [
    {
      "command": "./target/release/parquet-nested-parallel --num-writers 1 --target-records 1000000 --record-batch-size 20480",
      "mean": 0.17525188968,
      "stddev": 0.0010167764185690026,
      "median": 0.17535434698000002,
      "user": 0.36815679999999995,
      "system": 0.08242052,
      "min": 0.17311257598000002,
      "max": 0.17650395298000002,
      "times": [
        0.17473058598000002,
        0.17647204298,
        0.17311257598000002,
        0.17543709598,
        0.17567021298000002,
        0.17502919198,
        0.17527159798,
        0.17589343998,
        0.17650395298000002,
        0.17439819998
      ],
      "exit_codes": [
        0,
        0,
        0,
        0,
        0,
        0,
        0,
        0,
        0,
        0
      ],
      "custom_metrics": {
        "total_time_ms": 162.943627,
        "record_throughput_m_sec": 6.0,
        "mem_throughput_gb_sec": 0.29
      }
    }
  ]
}