{
  "results": [
    {
      "command": "./target/release/parquet-nested-parallel --num-writers 2 --target-records 100000 --record-batch-size 1024",
      "mean": 0.024775025840000003,
      "stddev": 0.0006836814073023671,
      "median": 0.02453268784,
      "user": 0.04208103999999999,
      "system": 0.021253159999999997,
      "min": 0.02393686034,
      "max": 0.025801447340000002,
      "times": [
        0.02393686034,
        0.024425094340000002,
        0.025625448340000002,
        0.02464028134,
        0.025028356340000002,
        0.025582319340000003,
        0.024239676340000002,
        0.025801447340000002,
        0.02426681734,
        0.024203957340000002
      ],
      "exit_codes": [
        0,
        0,
        0,
        0,
        0,
        0,
        0,
        0,
        0,
        0
      ],
      "custom_metrics": {
        "total_time_ms": 14.927508,
        "record_throughput_m_sec": 7.0,
        "mem_throughput_gb_sec": 0.37
      }
    }
  ]
}