{
  "results": [
    {
      "command": "./target/release/parquet-nested-parallel --num-writers 2 --target-records 10000000 --record-batch-size 5120",
      "mean": 0.8634698977399999,
      "stddev": 0.017901923076412033,
      "median": 0.8598004046400001,
      "user": 3.17446712,
      "system": 0.31800622,
      "min": 0.84419315764,
      "max": 0.9069405366400001,
      "times": [
        0.84767940364,
        0.8507686226400001,
        0.84419315764,
        0.87050871764,
        0.86094856964,
        0.85865223964,
        0.8705398456400001,
        0.9069405366400001,
        0.8685666806400001,
        0.85590120364
      ],
      "exit_codes": [
        0,
        0,
        0,
        0,
        0,
        0,
        0,
        0,
        0,
        0
      ],
      "custom_metrics": {
        "total_time_ms": 845.81802,
        "record_throughput_m_sec": 12.0,
        "mem_throughput_gb_sec": 0.57
      }
    }
  ]
}