{
  "results": [
    {
      "command": "./target/release/parquet-nested-parallel --num-writers 6 --target-records 1000000 --record-batch-size 20480",
      "mean": 0.06974440754,
      "stddev": 0.0009191568414406294,
      "median": 0.06957567553999999,
      "user": 0.46969269999999996,
      "system": 0.09460528000000001,
      "min": 0.06804684554,
      "max": 0.07116844554,
      "times": [
        0.06960381554,
        0.07116844554,
        0.06954753554,
        0.07114383454,
        0.06924785954,
        0.06804684554,
        0.06970353454,
        0.06954746654,
        0.07015818854,
        0.06927654954
      ],
      "exit_codes": [
        0,
        0,
        0,
        0,
        0,
        0,
        0,
        0,
        0,
        0
      ],
      "custom_metrics": {
        "total_time_ms": 58.430195,
        "record_throughput_m_sec": 17.0,
        "mem_throughput_gb_sec": 0.82
      }
    }
  ]
}