{
  "results": [
    {
      "command": "./target/release/parquet-nested-parallel --num-writers 8 --target-records 10000000 --record-batch-size 20480",
      "mean": 0.45736912732000007,
      "stddev": 0.006513824557861966,
      "median": 0.4583491431200001,
      "user": 4.7447007999999995,
      "system": 0.5938369,
      "min": 0.44509588412000006,
      "max": 0.46637214912,
      "times": [
        0.4590801131200001,
        0.45761817312,
        0.45666323512000007,
        0.46090303912,
        0.44509588412000006,
        0.46637214912,
        0.45987045212000005,
        0.46486940812000005,
        0.45324440912,
        0.44997441012000006
      ],
      "exit_codes": [
        0,
        0,
        0,
        0,
        0,
        0,
        0,
        0,
        0,
        0
      ],
      "custom_metrics": {
        "total_time_ms": 437.183646,
        "record_throughput_m_sec": 23.0,
        "mem_throughput_gb_sec": 1.09
      }
    }
  ]
}