{
  "results": [
    {
      "command": "./target/release/parquet-nested-parallel --num-writers 4 --target-records 10000000 --record-batch-size 1024",
      "mean": 0.62419755274,
      "stddev": 0.009266939120306841,
      "median": 0.6200332858400001,
      "user": 3.8637486799999996,
      "system": 0.43840890000000005,
      "min": 0.6159532333400001,
      "max": 0.64552150234,
      "times": [
        0.6330388543400001,
        0.62757779534,
        0.64552150234,
        0.61853194134,
        0.61697385234,
        0.61809928634,
        0.6204799953400001,
        0.6159532333400001,
        0.61958657634,
        0.62621249034
      ],
      "exit_codes": [
        0,
        0,
        0,
        0,
        0,
        0,
        0,
        0,
        0,
        0
      ],
      "custom_metrics": {
        "total_time_ms": 603.83868,
        "record_throughput_m_sec": 17.0,
        "mem_throughput_gb_sec": 0.92
      }
    }
  ]
}