{
  "results": [
    {
      "command": "target/release/parquet-parallel-nested",
      "mean": 3.7936242477999995,
      "stddev": 0.016113573371021817,
      "median": 3.7941413494000003,
      "user": 29.754542519999994,
      "system": 1.51738006,
      "min": 3.7656836999,
      "max": 3.8159982669,
      "times": [
        3.7879801109,
        3.7902968699,
        3.7656836999,
        3.8007171209,
        3.7979858289,
        3.8021411019,
        3.7778648269,
        3.7819189619,
        3.8159982669,
        3.8156556899000003
      ],
      "exit_codes": [
        0,
        0,
        0,
        0,
        0,
        0,
        0,
        0,
        0,
        0
      ]
    }
  ]
}
