{
  "results": [
    {
      "command": "target/release/parquet-parallel-nested",
      "mean": 3.61039962838,
      "stddev": 0.020996093868688153,
      "median": 3.6050107342800004,
      "user": 26.819432620000004,
      "system": 1.4899418599999996,
      "min": 3.57886536628,
      "max": 3.64146828828,
      "times": [
        3.5974580242800003,
        3.6380817422800003,
        3.6002749182800002,
        3.63206637228,
        3.59074503228,
        3.60927830928,
        3.57886536628,
        3.64146828828,
        3.6007431592800003,
        3.61501507128
      ],
      "exit_codes": [
        0,
        0,
        0,
        0,
        0,
        0,
        0,
        0,
        0,
        0
      ]
    }
  ]
}
