{
  "results": [
    {
      "command": "target/release/parquet-parallel-nested",
      "mean": 2.7757778370000006,
      "stddev": 0.014072463858719114,
      "median": 2.7750469895,
      "user": 32.379251579999995,
      "system": 2.24595354,
      "min": 2.7507043870000003,
      "max": 2.803350997,
      "times": [
        2.803350997,
        2.7764594700000003,
        2.7507043870000003,
        2.775477164,
        2.780345428,
        2.769395545,
        2.774616815,
        2.789299916,
        2.774396417,
        2.763732231
      ],
      "exit_codes": [
        0,
        0,
        0,
        0,
        0,
        0,
        0,
        0,
        0,
        0
      ]
    }
  ]
}
